{"cameraMode":{"drawMode":0,"name":"Shaded","section":"Shading Mode"},"sceneLighting":true,"audioPlay":false,"sceneViewState":{"showFog":true,"showMaterialUpdate":false,"showSkybox":true,"showFlares":true,"showImageEffects":true,"showParticleSystems":true},"in2DMode":false,"pivot":{"x":1.2294108867645264,"y":2.5026698112487795,"z":0.23544473946094514},"rotation":{"x":-0.004708437714725733,"y":0.2061139941215515,"z":-0.0009798090904951096,"w":-0.9785534143447876},"size":5.636500358581543,"orthographic":false}