{"cameraMode":{"drawMode":0,"name":"Shaded","section":"Shading Mode"},"sceneLighting":true,"audioPlay":false,"sceneViewState":{"showFog":true,"showMaterialUpdate":false,"showSkybox":true,"showFlares":true,"showImageEffects":true,"showParticleSystems":true},"in2DMode":false,"pivot":{"x":29.719573974609376,"y":1.5068769454956055,"z":1.2176895141601563},"rotation":{"x":0.29300326108932497,"y":0.020018108189105989,"z":-0.006448694504797459,"w":0.9563265442848206},"size":11.14255428314209,"orthographic":false}