{"cameraMode":{"drawMode":0,"name":"Shaded","section":"Shading Mode"},"sceneLighting":true,"audioPlay":false,"sceneViewState":{"showFog":true,"showMaterialUpdate":false,"showSkybox":true,"showFlares":true,"showImageEffects":true,"showParticleSystems":true},"in2DMode":false,"pivot":{"x":-3.6017274856567385,"y":1.0982767343521119,"z":0.5495815277099609},"rotation":{"x":-0.12695355713367463,"y":-0.08855471014976502,"z":0.011447963304817677,"w":-0.9879382848739624},"size":2.2251555919647219,"orthographic":false}