{"cameraMode":{"drawMode":0,"name":"Shaded","section":"Shading Mode"},"sceneLighting":true,"audioPlay":false,"sceneViewState":{"showFog":true,"showMaterialUpdate":false,"showSkybox":true,"showFlares":true,"showImageEffects":true,"showParticleSystems":true},"in2DMode":false,"pivot":{"x":10.966341018676758,"y":3.0295252799987795,"z":-2.0712509155273439},"rotation":{"x":-0.35883405804634097,"y":-0.062277041375637057,"z":0.024381039664149286,"w":-0.9312700629234314},"size":4.093479633331299,"orthographic":false}