{"cameraMode":{"drawMode":0,"name":"Shaded","section":"Shading Mode"},"sceneLighting":true,"audioPlay":false,"sceneViewState":{"showFog":true,"showMaterialUpdate":false,"showSkybox":true,"showFlares":true,"showImageEffects":true,"showParticleSystems":true},"in2DMode":false,"pivot":{"x":-14.22111701965332,"y":0.7832491397857666,"z":3.5325913429260256},"rotation":{"x":0.22087550163269044,"y":-0.06730098277330399,"z":-0.02134813740849495,"w":0.9740542769432068},"size":3.8283631801605226,"orthographic":false}