{"cameraMode":{"drawMode":0,"name":"Shaded","section":"Shading Mode"},"sceneLighting":true,"audioPlay":false,"sceneViewState":{"showFog":true,"showMaterialUpdate":false,"showSkybox":true,"showFlares":true,"showImageEffects":true,"showParticleSystems":true},"in2DMode":false,"pivot":{"x":2.641430616378784,"y":3.4362752437591554,"z":-0.43451938033103945},"rotation":{"x":-0.07890930026769638,"y":-0.14246438443660737,"z":0.011393899098038674,"w":-0.986625611782074},"size":7.801583290100098,"orthographic":false}