{"cameraMode":{"drawMode":0,"name":"Shaded","section":"Shading Mode"},"sceneLighting":false,"audioPlay":false,"sceneViewState":{"showFog":true,"showMaterialUpdate":false,"showSkybox":false,"showFlares":true,"showImageEffects":true,"showParticleSystems":true},"in2DMode":false,"pivot":{"x":-12.640000343322754,"y":-0.7008800506591797,"z":0.12952733039855958},"rotation":{"x":0.22087550163269044,"y":-0.06730098277330399,"z":-0.02134813740849495,"w":0.9740542769432068},"size":2.4534151554107668,"orthographic":false}