{"cameraMode":{"drawMode":0,"name":"Shaded","section":"Shading Mode"},"sceneLighting":true,"audioPlay":false,"sceneViewState":{"showFog":true,"showMaterialUpdate":false,"showSkybox":true,"showFlares":true,"showImageEffects":true,"showParticleSystems":true},"in2DMode":false,"pivot":{"x":-20.68039321899414,"y":4.440690040588379,"z":15.11523151397705},"rotation":{"x":0.13793495297431947,"y":-0.06280584633350373,"z":-0.02020404301583767,"w":0.9894098043441773},"size":28.049091339111329,"orthographic":false}