{"cameraMode":{"drawMode":0,"name":"Shaded","section":"Shading Mode"},"sceneLighting":true,"audioPlay":false,"sceneViewState":{"showFog":true,"showMaterialUpdate":false,"showSkybox":true,"showFlares":true,"showImageEffects":true,"showParticleSystems":true},"in2DMode":false,"pivot":{"x":-7.583959579467773,"y":8.062520980834961,"z":-0.0920867919921875},"rotation":{"x":0.11345259845256806,"y":0.043825067579746249,"z":-0.07265686243772507,"w":0.9916079044342041},"size":13.45560073852539,"orthographic":false}