{"cameraMode":{"drawMode":0,"name":"Shaded","section":"Shading Mode"},"sceneLighting":true,"audioPlay":false,"sceneViewState":{"showFog":true,"showMaterialUpdate":false,"showSkybox":true,"showFlares":true,"showImageEffects":true,"showParticleSystems":true},"in2DMode":false,"pivot":{"x":0.5275319814682007,"y":1.3253936767578126,"z":-0.39140796661376955},"rotation":{"x":-0.03463374450802803,"y":-0.09818801283836365,"z":0.003432252211496234,"w":-0.994595468044281},"size":1.7364997863769532,"orthographic":false}