{"cameraMode":{"drawMode":0,"name":"Shaded","section":"Shading Mode"},"sceneLighting":false,"audioPlay":false,"sceneViewState":{"showFog":true,"showMaterialUpdate":false,"showSkybox":false,"showFlares":true,"showImageEffects":true,"showParticleSystems":true},"in2DMode":false,"pivot":{"x":16.721202850341798,"y":0.914252758026123,"z":-0.22767677903175355},"rotation":{"x":-0.14532142877578736,"y":-0.0038439843337982895,"z":0.0007516580517403781,"w":-0.9895926713943481},"size":1.7722588777542115,"orthographic":false}