{"cameraMode":{"drawMode":0,"name":"Shaded","section":"Shading Mode"},"sceneLighting":true,"audioPlay":false,"sceneViewState":{"showFog":true,"showMaterialUpdate":false,"showSkybox":true,"showFlares":true,"showImageEffects":true,"showParticleSystems":true},"in2DMode":false,"pivot":{"x":-18.299999237060548,"y":3.432392120361328,"z":0.34994736313819888},"rotation":{"x":0.2875198423862457,"y":-0.12129320204257965,"z":-0.0464511401951313,"w":0.9508159756660461},"size":11.06588363647461,"orthographic":false}