{"cameraMode":{"drawMode":0,"name":"Shaded","section":"Shading Mode"},"sceneLighting":false,"audioPlay":false,"sceneViewState":{"m_AlwaysRefresh":false,"showFog":true,"showSkybox":true,"showFlares":true,"showImageEffects":true,"showParticleSystems":true,"showVisualEffectGraphs":true,"m_FxEnabled":true},"in2DMode":false,"pivot":{"x":55.48581314086914,"y":0.34599149227142336,"z":0.8255673050880432},"rotation":{"x":-0.2036665976047516,"y":-0.10412385314702988,"z":0.022749213501811029,"w":-0.9735425114631653},"size":4.023726463317871,"orthographic":false}