{"cameraMode":{"drawMode":0,"name":"Shaded","section":"Shading Mode"},"sceneLighting":true,"audioPlay":false,"sceneViewState":{"m_AlwaysRefresh":false,"showFog":true,"showSkybox":true,"showFlares":true,"showImageEffects":true,"showParticleSystems":true,"showVisualEffectGraphs":true,"m_FxEnabled":true},"in2DMode":false,"pivot":{"x":40.4044075012207,"y":38.18214416503906,"z":145.40838623046876},"rotation":{"x":0.14764393866062165,"y":0.43840599060058596,"z":-0.21725709736347199,"w":0.8619090914726257},"size":148.44178771972657,"orthographic":false}